{ 
    "version": "0.2.0", 
    "configurations": [      
        { 
            "name": "(gdb) Launch", 
            "type": "cppdbg", 
            "request": "launch", 
            "program": "${fileDirname}/${fileBasenameNoExtension}Debug", 
            "args": [], 
            "stopAtEntry": false, 
            "cwd": "${workspaceFolder}", 
            "environment": [], 
            "externalConsole": true, 
            "MIMode": "gdb", 
            "internalConsoleOptions": "openOnSessionStart",
            "miDebuggerPath": "/usr/bin/gdb",
            "setupCommands": [ 
                { 
                    "description": "Enable pretty-printing for gdb", 
                    "text": "-enable-pretty-printing", 
                    "ignoreFailures": true 
                } 
            ], 
            "preLaunchTask": "Makefile Debug"
        }
    ]
}