{ 
    "version": "0.2.0", 
    "configurations": [      
        { 
            "name": "(lldb) Launch",
            "type": "cppdbg",
            "request": "launch",
            "program": "${fileDirname}/${fileBasenameNoExtension}Debug",
            "args": [],
            "stopAtEntry": true,
            "cwd": "${workspaceFolder}",
            "environment": [],
            "externalConsole": false,
            "MIMode": "lldb",
            "preLaunchTask": "Makefile Debug"
        }
    ]
}